Index,Filename,AVG CPU Cycles / ms,AVG MEM Changes / ms,AVG Wattage,Length of observation period,AVG Raleway Load Time,AVG Montserrat Load Time,AVG SourceSans Load Time
0,analysis/data_extraction/input/WOFF\Firefox 2023-11-21 18.42 profile(2).json,21467921,55283.32445610774,0.0013949683329999999,71.36,23.2,36.813,42.74
1,analysis/data_extraction/input/WOFF\Firefox 2023-11-21 18.42 profile.json,20053905,62762.7408719171,0.0014319580549999999,75.458,28.677,37.664,42.91
2,analysis/data_extraction/input/WOFF\Firefox 2023-11-21 18.43 profile(1).json,22343469,54751.48814869092,0.001520967222,78.75,22.023,42.062,48.462
3,analysis/data_extraction/input/WOFF\Firefox 2023-11-21 18.43 profile(2).json,20750475,38519.88714258035,0.001579103611,82.026,17.791,34.2,46.581
4,analysis/data_extraction/input/WOFF\Firefox 2023-11-21 18.43 profile.json,21037387,35002.1583786334,0.001625531389,83.381,27.906,46.101,50.276
5,analysis/data_extraction/input/WOFF\Firefox 2023-11-21 18.44 profile(1).json,21874371,52939.713602460266,0.001676449445,87.878,20.118,45.131,54.554
6,analysis/data_extraction/input/WOFF\Firefox 2023-11-21 18.44 profile(2).json,21419707,50119.370207630454,0.001956049722,99.418,46.167,58.776,66.19
7,analysis/data_extraction/input/WOFF\Firefox 2023-11-21 18.44 profile(3).json,21100407,50194.25901582691,0.001473726111,76.15,14.282,36.145,43.799
8,analysis/data_extraction/input/WOFF\Firefox 2023-11-21 18.44 profile.json,21068436,48018.45689928305,0.001330443889,70.017,30.049,35.832,43.953
9,analysis/data_extraction/input/WOFF\Firefox 2023-11-21 18.45 profile(1).json,20236064,34999.48822882985,0.001496651945,78.039,31.294,35.082,45.054
10,analysis/data_extraction/input/WOFF\Firefox 2023-11-21 18.45 profile(2).json,21041880,44307.74692040669,0.001507682778,77.079,26.405,42.576,42.184
11,analysis/data_extraction/input/WOFF\Firefox 2023-11-21 18.45 profile.json,20525733,45138.6747843636,0.001434194722,72.942,19.463,39.604,39.931
12,analysis/data_extraction/input/WOFF\Firefox 2023-11-21 18.46 profile(1).json,20761016,54078.1315242442,0.001470998055,76.582,23.521,39.881,46.658
13,analysis/data_extraction/input/WOFF\Firefox 2023-11-21 18.46 profile(2).json,21259012,33555.581136661225,0.001405135,72.194,22.338,33.009,42.863
14,analysis/data_extraction/input/WOFF\Firefox 2023-11-21 18.46 profile.json,21308720,52101.15117357809,0.001429704445,74.702,29.635,37.899,41.915
15,analysis/data_extraction/input/WOFF\Firefox 2023-11-21 18.47 profile(1).json,20412975,46063.322301275235,0.0014204697219999999,71.866,15.148,37.906,41.416
16,analysis/data_extraction/input/WOFF\Firefox 2023-11-21 18.47 profile(2).json,22101397,45456.261758397864,0.001387953333,71.966,22.889,30.433,44.129
17,analysis/data_extraction/input/WOFF\Firefox 2023-11-21 18.47 profile.json,19755189,42683.11112999523,0.00134993,69.935,23.916,37.681,41.266
18,analysis/data_extraction/input/WOFF\Firefox 2023-11-21 18.48 profile(1).json,19794893,65014.108261534064,0.001386258889,69.868,24.052,36.914,38.204
19,analysis/data_extraction/input/WOFF\Firefox 2023-11-21 18.48 profile(2).json,20128126,38033.340764193505,0.001379006666,71.929,25.989,39.498,44.456
20,analysis/data_extraction/input/WOFF\Firefox 2023-11-21 18.48 profile(3).json,19931431,48746.07808368926,0.001431076945,74.324,25.292,39.519,42.88
21,analysis/data_extraction/input/WOFF\Firefox 2023-11-21 18.48 profile.json,20462783,51493.74099982375,0.001410489445,72.937,27.859,34.007,40.745
22,analysis/data_extraction/input/WOFF\Firefox 2023-11-21 18.49 profile(1).json,20083888,36226.36668092862,0.001436278889,72.405,18.888,39.974,39.841
23,analysis/data_extraction/input/WOFF\Firefox 2023-11-21 18.49 profile(2).json,19432126,49523.82978212852,0.001404931667,73.445,24.112,35.283,44.336
24,analysis/data_extraction/input/WOFF\Firefox 2023-11-21 18.49 profile.json,20344355,47604.96883871755,0.001374414723,71.449,12.129,36.34,38.283
25,analysis/data_extraction/input/WOFF\Firefox 2023-11-21 18.50 profile(1).json,20400841,52572.68190209322,0.001491805833,76.555,16.667,35.821,43.593
26,analysis/data_extraction/input/WOFF\Firefox 2023-11-21 18.50 profile(2).json,19300589,51934.398635135374,0.001391020278,72.532,17.319,33.907,42.973
27,analysis/data_extraction/input/WOFF\Firefox 2023-11-21 18.50 profile.json,21208484,35053.378497444144,0.001519493055,78.331,18.641,38.703,46.052
28,analysis/data_extraction/input/WOFF\Firefox 2023-11-21 18.51 profile(1).json,21060184,42328.78297097294,0.001447258888,75.894,24.849,40.011,45.265
29,analysis/data_extraction/input/WOFF\Firefox 2023-11-21 18.51 profile(2).json,21265687,49728.34401620383,0.00152683,77.904,17.524,34.686,44.535
30,analysis/data_extraction/input/WOFF\Firefox 2023-11-21 18.51 profile(3).json,19523789,42540.45332453267,0.001352624167,71.119,25.165,38.615,41.973
31,analysis/data_extraction/input/WOFF\Firefox 2023-11-21 18.51 profile.json,19823270,37977.8152995266,0.0015214247219999999,79.439,20.89,40.114,47.634
32,analysis/data_extraction/input/WOFF\Firefox 2023-11-21 18.52 profile(1).json,21390933,56230.30575626754,0.00165981,85.292,22.247,46.369,57.126
33,analysis/data_extraction/input/WOFF\Firefox 2023-11-21 18.52 profile(2).json,21527765,39736.917775030175,0.001513613333,79.519,25.995,34.317,45.05
34,analysis/data_extraction/input/WOFF\Firefox 2023-11-21 18.52 profile.json,19688957,47328.344207027476,0.001522373611,78.8,16.704,38.843,44.078
35,analysis/data_extraction/input/WOFF\Firefox 2023-11-21 18.53 profile(1).json,20884251,32316.8563894466,0.001551856945,80.711,31.907,42.158,49.883
36,analysis/data_extraction/input/WOFF\Firefox 2023-11-21 18.53 profile(2).json,20887689,36982.84024971742,0.001463508611,75.262,17.145,36.646,41.341
37,analysis/data_extraction/input/WOFF\Firefox 2023-11-21 18.53 profile.json,20564293,56549.918989495316,0.001489840278,77.159,18.907,38.868,48.886
38,analysis/data_extraction/input/WOFF\Firefox 2023-11-21 18.54 profile(1).json,18998865,52471.9779409204,0.001446784444,73.503,15.957,37.286,37.128
39,analysis/data_extraction/input/WOFF\Firefox 2023-11-21 18.54 profile(2).json,20654609,35195.27769752308,0.001484706111,77.356,26.5,40.295,40.948
40,analysis/data_extraction/input/WOFF\Firefox 2023-11-21 18.54 profile(3).json,20213395,47820.20344837356,0.0014853499999999999,76.886,29.814,36.026,44.749
41,analysis/data_extraction/input/WOFF\Firefox 2023-11-21 18.54 profile.json,20630469,48082.930217366484,0.001336984444,70.726,15.727,36.398,40.603
42,analysis/data_extraction/input/WOFF\Firefox 2023-11-21 18.55 profile(1).json,20879263,37484.95008668692,0.001392274166,73.267,29.034,33.726,42.984
43,analysis/data_extraction/input/WOFF\Firefox 2023-11-21 18.55 profile(2).json,19753081,26168.458075534345,0.001465440278,76.001,32.994,35.055,41.005
44,analysis/data_extraction/input/WOFF\Firefox 2023-11-21 18.55 profile.json,21724030,57947.600518251944,0.001521153611,78.42,18.276,41.568,48.009
45,analysis/data_extraction/input/WOFF\Firefox 2023-11-21 18.56 profile(1).json,21206456,39156.67606939696,0.001490009722,76.848,24.548,31.375,43.918
46,analysis/data_extraction/input/WOFF\Firefox 2023-11-21 18.56 profile(2).json,21014682,44773.83339693009,0.001546265278,77.216,22.724,39.758,44.063
47,analysis/data_extraction/input/WOFF\Firefox 2023-11-21 18.56 profile.json,21788458,51162.504765271944,0.001488366111,77.888,23.904,31.532,42.325
48,analysis/data_extraction/input/WOFF\Firefox 2023-11-21 18.57 profile(1).json,22117378,55775.91736868825,0.0014813511109999999,75.475,21.216,34.016,44.842
49,analysis/data_extraction/input/WOFF\Firefox 2023-11-21 18.57 profile(2).json,20766975,44579.3171567648,0.0015222719439999999,80.7,35.374,44.685,50.647
50,analysis/data_extraction/input/WOFF\Firefox 2023-11-21 18.57 profile(3).json,20942765,33728.040270908954,0.001582051945,83.349,22.653,42.522,48.399
51,analysis/data_extraction/input/WOFF\Firefox 2023-11-21 18.57 profile.json,20588542,56141.786927971625,0.0015069202779999999,78.419,21.035,34.812,50.105
52,analysis/data_extraction/input/WOFF\Firefox 2023-11-21 18.58 profile(1).json,20856135,41735.1287247023,0.0014424975,74.741,22.734,44.981,45.228
53,analysis/data_extraction/input/WOFF\Firefox 2023-11-21 18.58 profile(2).json,18864412,47783.989844366275,0.001463525556,73.716,17.497,34.503,39.337
54,analysis/data_extraction/input/WOFF\Firefox 2023-11-21 18.58 profile.json,20366964,47876.603176091696,0.001352573333,69.888,22.606,31.326,43.49
55,analysis/data_extraction/input/WOFF\Firefox 2023-11-21 18.59 profile(1).json,21635458,33759.6370971677,0.0016694005559999999,86.988,26.349,39.217,49.36
56,analysis/data_extraction/input/WOFF\Firefox 2023-11-21 18.59 profile(2).json,19844106,40362.38778439801,0.0015286430559999999,74.193,16.692,35.715,38.561
57,analysis/data_extraction/input/WOFF\Firefox 2023-11-21 18.59 profile.json,19815658,45288.70553701387,0.001503090833,78.325,17.89,37.193,42.492
58,analysis/data_extraction/input/WOFF\Firefox 2023-11-21 19.00 profile(1).json,21737767,50319.16300548905,0.001416725,73.449,20.256,38.923,38.834
59,analysis/data_extraction/input/WOFF\Firefox 2023-11-21 19.00 profile(2).json,21208300,39546.715287478386,0.001486807222,76.943,19.305,39.912,43.403
60,analysis/data_extraction/input/WOFF\Firefox 2023-11-21 19.00 profile(3).json,21010593,32653.981616603414,0.0015062425,77.818,23.495,35.428,44.756
61,analysis/data_extraction/input/WOFF\Firefox 2023-11-21 19.00 profile.json,20519790,47594.091531630984,0.001442311111,74.751,22.039,38.217,44.268
62,analysis/data_extraction/input/WOFF\Firefox 2023-11-21 19.01 profile(1).json,19802622,38556.30579912287,0.001550789445,81.576,19.643,41.203,49.565
63,analysis/data_extraction/input/WOFF\Firefox 2023-11-21 19.01 profile(2).json,21852341,44305.097931171564,0.001487874723,76.492,21.081,34.546,48.07
64,analysis/data_extraction/input/WOFF\Firefox 2023-11-21 19.01 profile.json,18827997,42558.25927444948,0.001304315555,67.301,15.553,38.748,38.45
65,analysis/data_extraction/input/WOFF\Firefox 2023-11-21 19.02 profile(1).json,20726169,50693.07093869966,0.001464796389,76.22,28.28,35.45,46.401
66,analysis/data_extraction/input/WOFF\Firefox 2023-11-21 19.02 profile(2).json,21155415,33734.05283582645,0.001646796667,85.325,25.881,41.049,51.428
67,analysis/data_extraction/input/WOFF\Firefox 2023-11-21 19.02 profile.json,21658208,56715.37578325959,0.001419385278,73.046,17.1,36.972,44.725
68,analysis/data_extraction/input/WOFF\Firefox 2023-11-21 19.03 profile(1).json,20819778,50908.02185396501,0.001316481667,68.834,25.321,41.083,39.096
69,analysis/data_extraction/input/WOFF\Firefox 2023-11-21 19.03 profile(2).json,19534692,44697.1192676812,0.001474759722,76.376,28.633,36.683,41.337
70,analysis/data_extraction/input/WOFF\Firefox 2023-11-21 19.03 profile(3).json,20928987,42823.82476370304,0.0013845305559999999,70.28,18.405,38.033,43.095
71,analysis/data_extraction/input/WOFF\Firefox 2023-11-21 19.03 profile.json,21776935,40342.762928878976,0.001581645278,82.304,23.411,33.585,49.925
72,analysis/data_extraction/input/WOFF\Firefox 2023-11-21 19.04 profile(1).json,20995772,44566.68555640504,0.001437990278,74.013,29.561,33.764,44.533
73,analysis/data_extraction/input/WOFF\Firefox 2023-11-21 19.04 profile(2).json,21705494,54767.30193444769,0.0015492474999999999,78.079,22.018,35.146,45.245
74,analysis/data_extraction/input/WOFF\Firefox 2023-11-21 19.04 profile.json,20465984,38156.97537747446,0.0016284797229999999,84.547,19.747,40.568,51.21
75,analysis/data_extraction/input/WOFF\Firefox 2023-11-21 19.05 profile(1).json,22261950,57556.88481777074,0.001495025277,76.662,22.298,37.333,44.851
76,analysis/data_extraction/input/WOFF\Firefox 2023-11-21 19.05 profile(2).json,19634799,62421.46681956122,0.001424129722,73.132,21.772,38.03,44.215
77,analysis/data_extraction/input/WOFF\Firefox 2023-11-21 19.05 profile.json,22284127,46323.224267783924,0.0015051072219999999,77.324,28.511,42.5,47.572
78,analysis/data_extraction/input/WOFF\Firefox 2023-11-21 19.06 profile(1).json,20310137,56779.01800635909,0.001499464723,76.928,21.665,34.939,44.244
79,analysis/data_extraction/input/WOFF\Firefox 2023-11-21 19.06 profile(2).json,20706263,44033.58940239555,0.001342915,70.306,24.137,31.136,45.88
80,analysis/data_extraction/input/WOFF\Firefox 2023-11-21 19.06 profile.json,21107373,37682.56958415427,0.001595709166,83.079,18.055,40.463,48.306
81,analysis/data_extraction/input/WOFF\Firefox 2023-11-21 19.07 profile(1).json,21127762,59074.50294034649,0.001369416111,70.64,24.87,34.939,43.235
82,analysis/data_extraction/input/WOFF\Firefox 2023-11-21 19.07 profile(2).json,20176244,42882.463577016955,0.0014642541669999999,75.818,19.242,36.357,46.135
83,analysis/data_extraction/input/WOFF\Firefox 2023-11-21 19.07 profile(3).json,21404432,36775.71267623902,0.0014844349999999999,77.256,29.385,34.658,43.219
84,analysis/data_extraction/input/WOFF\Firefox 2023-11-21 19.07 profile.json,22065170,47649.73415292942,0.001507598056,77.372,19.209,33.743,43.004
85,analysis/data_extraction/input/WOFF\Firefox 2023-11-21 19.08 profile(1).json,21052044,49049.602393414934,0.0014178094439999999,73.074,22.131,30.876,42.01
86,analysis/data_extraction/input/WOFF\Firefox 2023-11-21 19.08 profile(2).json,21365436,48919.77709022613,0.001449986945,76.797,22.997,40.132,45.409
87,analysis/data_extraction/input/WOFF\Firefox 2023-11-21 19.08 profile.json,20387843,42624.69910575344,0.001405795834,72.158,26.766,42.669,37.87
88,analysis/data_extraction/input/WOFF\Firefox 2023-11-21 19.09 profile(1).json,20433636,40755.75176309237,0.0014572561109999999,75.514,21.689,33.84,43.37
89,analysis/data_extraction/input/WOFF\Firefox 2023-11-21 19.09 profile(2).json,21387072,49525.23394895798,0.001455324444,74.398,23.479,39.865,43.218
90,analysis/data_extraction/input/WOFF\Firefox 2023-11-21 19.09 profile.json,20697221,50726.24248269895,0.001357012778,70.813,17.288,36.4,40.908
91,analysis/data_extraction/input/WOFF\Firefox 2023-11-21 19.10 profile(1).json,22346354,40081.69751396854,0.001519594722,78.26,17.505,37.622,46.337
92,analysis/data_extraction/input/WOFF\Firefox 2023-11-21 19.10 profile(2).json,20032065,47437.59387879001,0.001489247222,75.513,14.266,31.218,45.162
93,analysis/data_extraction/input/WOFF\Firefox 2023-11-21 19.10 profile(3).json,21462421,34507.1228189612,0.0015981491669999999,82.574,30.062,36.794,50.186
94,analysis/data_extraction/input/WOFF\Firefox 2023-11-21 19.10 profile.json,20229915,47690.06080418903,0.001551263888,76.33,15.571,40.849,41.893
95,analysis/data_extraction/input/WOFF\Firefox 2023-11-21 19.11 profile(1).json,20720604,31724.47889922643,0.001425620833,73.645,32.583,40.864,45.523
96,analysis/data_extraction/input/WOFF\Firefox 2023-11-21 19.11 profile(2).json,21127494,56600.09008357347,0.001528880277,78.651,28.531,35.853,45.429
97,analysis/data_extraction/input/WOFF\Firefox 2023-11-21 19.11 profile.json,19998371,38190.65436188302,0.001538115,79.914,20.997,38.781,45.674
98,analysis/data_extraction/input/WOFF\Firefox 2023-11-21 19.12 profile(1).json,21377878,32972.801830175216,0.001449986945,76.526,28.749,41.521,42.197
99,analysis/data_extraction/input/WOFF\Firefox 2023-11-21 19.12 profile(2).json,20607754,49492.60792240464,0.001373533612,70.299,21.757,30.888,43.539
100,analysis/data_extraction/input/WOFF\Firefox 2023-11-21 19.12 profile.json,19940864,38051.19578550199,0.001419707222,74.627,32.695,39.151,44.104
101,analysis/data_extraction/input/WOFF\Firefox 2023-11-21 19.13 profile(1).json,22025348,39395.755389298196,0.001446089723,74.122,16.539,37.854,40.684
102,analysis/data_extraction/input/WOFF\Firefox 2023-11-21 19.13 profile(2).json,21248480,42080.68756476499,0.001442548333,73.622,22.985,37.122,44.077
103,analysis/data_extraction/input/WOFF\Firefox 2023-11-21 19.13 profile(3).json,20578318,32201.967102789124,0.001418317778,73.074,16.487,36.209,43.913
104,analysis/data_extraction/input/WOFF\Firefox 2023-11-21 19.13 profile.json,21766367,51335.41269657101,0.001486214167,77.716,27.691,33.374,43.011
105,analysis/data_extraction/input/WOFF\Firefox 2023-11-21 19.14 profile(1).json,20753890,57152.01978749052,0.001451240833,75.811,22.371,37.868,42.801
106,analysis/data_extraction/input/WOFF\Firefox 2023-11-21 19.14 profile(2).json,21479705,35339.45934234099,0.001520136944,79.313,35.93,44.554,49.457
107,analysis/data_extraction/input/WOFF\Firefox 2023-11-21 19.14 profile.json,20571206,49629.34558603068,0.001501294722,78.062,22.93,41.742,42.032
108,analysis/data_extraction/input/WOFF\Firefox 2023-11-21 19.15 profile(1).json,20668795,46055.95931399707,0.001622345834,84.967,32.737,41.186,48.587
109,analysis/data_extraction/input/WOFF\Firefox 2023-11-21 19.15 profile(2).json,21186693,51906.82891451718,0.0017205388889999999,89.034,31.161,42.118,54.576
110,analysis/data_extraction/input/WOFF\Firefox 2023-11-21 19.15 profile.json,19811820,35942.11501529278,0.001443903889,74.424,24.003,39.963,42.128
111,analysis/data_extraction/input/WOFF\Firefox 2023-11-21 19.16 profile(1).json,20413911,50700.495810792025,0.001574240555,83.059,25.312,42.147,48.219
112,analysis/data_extraction/input/WOFF\Firefox 2023-11-21 19.16 profile(2).json,20843341,40569.41567128994,0.001463051112,75.937,18.025,32.338,49.828
113,analysis/data_extraction/input/WOFF\Firefox 2023-11-21 19.16 profile(3).json,20566188,31234.148105010223,0.001557465555,80.972,28.673,35.497,43.876
114,analysis/data_extraction/input/WOFF\Firefox 2023-11-21 19.16 profile.json,20971283,30284.945833325204,0.001458781112,76.098,22.847,38.886,44.795
115,analysis/data_extraction/input/WOFF\Firefox 2023-11-21 19.17 profile(1).json,20227979,27622.42495547086,0.001611687777,82.946,24.182,42.982,50.068
116,analysis/data_extraction/input/WOFF\Firefox 2023-11-21 19.17 profile(2).json,20967914,50781.590330619954,0.0015327097219999999,80.647,21.391,38.427,47.096
117,analysis/data_extraction/input/WOFF\Firefox 2023-11-21 19.17 profile.json,21139313,45027.47382947256,0.0014871630559999999,78.828,24.998,39.598,44.129
118,analysis/data_extraction/input/WOFF\Firefox 2023-11-21 19.18 profile(1).json,20239395,51655.59164541924,0.001452003333,74.612,18.611,36.597,39.028
119,analysis/data_extraction/input/WOFF\Firefox 2023-11-21 19.18 profile(2).json,21215177,48210.08535958097,0.001475810278,75.561,18.797,39.978,41.763
120,analysis/data_extraction/input/WOFF\Firefox 2023-11-21 19.18 profile.json,20326671,55583.30998843634,0.001402152778,72.432,24.826,31.732,42.193
121,analysis/data_extraction/input/WOFF\Firefox 2023-11-21 19.19 profile(1).json,20205748,41980.976680395026,0.001423909444,71.558,14.903,27.267,38.61
122,analysis/data_extraction/input/WOFF\Firefox 2023-11-21 19.19 profile(2).json,20404739,44898.619457469504,0.001494449166,75.333,19.176,38.09,43.476
123,analysis/data_extraction/input/WOFF\Firefox 2023-11-21 19.19 profile(3).json,20249184,22314.163068261245,0.0014381258329999999,73.08,15.201,38.991,40.891
124,analysis/data_extraction/input/WOFF\Firefox 2023-11-21 19.19 profile.json,20404284,41040.53274977532,0.0014599163889999999,74.951,14.914,37.155,42.96
125,analysis/data_extraction/input/WOFF\Firefox 2023-11-21 19.20 profile(1).json,20307023,40762.078775582115,0.0015294225,78.99,24.55,35.831,47.656
126,analysis/data_extraction/input/WOFF\Firefox 2023-11-21 19.20 profile(2).json,20793535,40230.55271711084,0.001460441667,75.861,30.073,33.776,44.042
127,analysis/data_extraction/input/WOFF\Firefox 2023-11-21 19.20 profile.json,20311866,44494.96788556333,0.001529642778,79.598,19.185,29.767,44.939
128,analysis/data_extraction/input/WOFF\Firefox 2023-11-21 19.21 profile(1).json,18520523,38663.1503461835,0.001434279445,74.549,38.838,34.619,43.911
129,analysis/data_extraction/input/WOFF\Firefox 2023-11-21 19.21 profile(2).json,21460161,38075.545900479265,0.0014815375,75.419,17.399,41.763,45.001
130,analysis/data_extraction/input/WOFF\Firefox 2023-11-21 19.21 profile.json,20831790,36006.127143254016,0.0017023575,91.072,17.57,32.426,42.613
131,analysis/data_extraction/input/WOFF\Firefox 2023-11-21 19.22 profile(1).json,20077675,52760.33358532087,0.001348981111,68.812,26.663,33.758,42.992
132,analysis/data_extraction/input/WOFF\Firefox 2023-11-21 19.22 profile(2).json,20731514,39866.7016515276,0.001435313055,73.053,23.203,32.599,40.257
133,analysis/data_extraction/input/WOFF\Firefox 2023-11-21 19.22 profile(3).json,19230408,49220.951004582035,0.001449529444,76.217,22.35,41.267,46.193
134,analysis/data_extraction/input/WOFF\Firefox 2023-11-21 19.22 profile.json,22033009,49169.55436525114,0.001478809444,74.382,21.846,34.419,38.123
135,analysis/data_extraction/input/WOFF\Firefox 2023-11-21 19.23 profile(1).json,19895723,44995.024096227615,0.001489348889,76.911,14.969,36.483,41.002
136,analysis/data_extraction/input/WOFF\Firefox 2023-11-21 19.23 profile(2).json,19359294,59036.68534065707,0.0013891225,72.269,30.396,38.58,42.857
137,analysis/data_extraction/input/WOFF\Firefox 2023-11-21 19.23 profile.json,20192887,36084.085859175044,0.001405745,73.202,30.388,38.196,45.282
138,analysis/data_extraction/input/WOFF\Firefox 2023-11-21 19.24 profile(1).json,20592970,61031.93721679429,0.001652879723,85.169,18.515,44.015,51.149
139,analysis/data_extraction/input/WOFF\Firefox 2023-11-21 19.24 profile(2).json,22002062,56517.75576794254,0.001440938611,73.435,18.996,38.571,43.442
140,analysis/data_extraction/input/WOFF\Firefox 2023-11-21 19.24 profile.json,21189732,49942.27052603825,0.001609959445,84.649,25.149,38.796,48.164
141,analysis/data_extraction/input/WOFF\Firefox 2023-11-21 19.25 profile(1).json,20527919,37394.48659734967,0.00145302,75.836,34.748,38.548,42.545
142,analysis/data_extraction/input/WOFF\Firefox 2023-11-21 19.25 profile(2).json,21046920,47634.06078964129,0.00156221,81.344,30.515,36.65,50.998
143,analysis/data_extraction/input/WOFF\Firefox 2023-11-21 19.25 profile.json,19911987,59567.15820199035,0.001434245555,74.077,22.511,34.738,43.013
144,analysis/data_extraction/input/WOFF\Firefox 2023-11-21 19.26 profile(1).json,20778025,54688.96339565217,0.0015151213879999999,78.493,31.519,33.572,47.508
145,analysis/data_extraction/input/WOFF\Firefox 2023-11-21 19.26 profile(2).json,22007391,53372.93850076658,0.001416843611,72.039,17.06,30.415,43.149
146,analysis/data_extraction/input/WOFF\Firefox 2023-11-21 19.26 profile(3).json,20161606,43479.37773571512,0.0014486991669999999,74.995,22.014,31.068,43.087
147,analysis/data_extraction/input/WOFF\Firefox 2023-11-21 19.26 profile.json,21643902,42921.03618602719,0.001612636667,84.312,30.78,39.977,50.26
148,analysis/data_extraction/input/WOFF\Firefox 2023-11-21 19.27 profile(1).json,20886333,48890.90925152096,0.0014240449999999999,72.525,24.145,41.226,42.379
149,analysis/data_extraction/input/WOFF\Firefox 2023-11-21 19.27 profile(2).json,20422415,46899.793160741996,0.001500295,76.469,22.463,30.034,42.455
150,analysis/data_extraction/input/WOFF\Firefox 2023-11-21 19.27 profile.json,19340318,54958.63752982643,0.001326817777,66.992,20.084,39.408,34.849
151,analysis/data_extraction/input/WOFF\Firefox 2023-11-21 19.28 profile(1).json,19429453,44835.472158612596,0.001389935833,73.381,22.627,40.151,40.499
152,analysis/data_extraction/input/WOFF\Firefox 2023-11-21 19.28 profile(2).json,20957370,51907.692522779806,0.0014900436109999999,77.943,24.918,36.626,50.713
153,analysis/data_extraction/input/WOFF\Firefox 2023-11-21 19.28 profile.json,20917566,36977.81895788795,0.001452223611,76.383,29.499,40.459,44.802
154,analysis/data_extraction/input/WOFF\Firefox 2023-11-21 19.29 profile(1).json,21603610,34932.73519488826,0.001460882222,76.447,17.65,41.99,43.5
155,analysis/data_extraction/input/WOFF\Firefox 2023-11-21 19.29 profile(2).json,18882443,42907.081402273856,0.001443497222,74.336,21.235,37.456,40.224
156,analysis/data_extraction/input/WOFF\Firefox 2023-11-21 19.29 profile(3).json,20455492,51992.03568156292,0.001379701389,72.05,25.101,39.284,43.894
157,analysis/data_extraction/input/WOFF\Firefox 2023-11-21 19.29 profile.json,21337526,31790.06435851588,0.0014290775,71.68,18.153,31.782,41.994
158,analysis/data_extraction/input/WOFF\Firefox 2023-11-21 19.30 profile(1).json,20713669,50797.587529693854,0.001309076944,67.995,19.929,34.457,39.427
159,analysis/data_extraction/input/WOFF\Firefox 2023-11-21 19.30 profile(2).json,19788052,33113.57380299011,0.001522136389,79.208,28.414,34.04,42.658
160,analysis/data_extraction/input/WOFF\Firefox 2023-11-21 19.30 profile.json,21637548,46694.268684961346,0.001463711944,75.448,24.053,33.828,42.096
161,analysis/data_extraction/input/WOFF\Firefox 2023-11-21 19.31 profile(1).json,21295608,49052.96276198534,0.001546061944,79.682,28.605,44.994,48.533
162,analysis/data_extraction/input/WOFF\Firefox 2023-11-21 19.31 profile(2).json,21195345,46158.08810988354,0.001438091945,74.273,26.806,35.116,40.56
163,analysis/data_extraction/input/WOFF\Firefox 2023-11-21 19.31 profile.json,21814944,35666.452376842746,0.001553788612,79.325,19.599,33.704,50.408
164,analysis/data_extraction/input/WOFF\Firefox 2023-11-21 19.32 profile(1).json,19205368,32004.380373423217,0.001459713055,75.623,19.234,38.011,43.081
165,analysis/data_extraction/input/WOFF\Firefox 2023-11-21 19.32 profile(2).json,19311975,26462.739481236913,0.0014625766669999999,75.264,16.361,39.811,48.106
166,analysis/data_extraction/input/WOFF\Firefox 2023-11-21 19.32 profile(3).json,21957539,41959.34047056712,0.0014510883339999999,74.131,22.713,38.625,40.777
167,analysis/data_extraction/input/WOFF\Firefox 2023-11-21 19.32 profile.json,21022751,28701.935235067285,0.001561888056,81.072,22.504,45.937,51.755
168,analysis/data_extraction/input/WOFF\Firefox 2023-11-21 19.33 profile(1).json,21016550,44797.853413537494,0.001329545833,69.034,19.673,35.119,39.057
169,analysis/data_extraction/input/WOFF\Firefox 2023-11-21 19.33 profile(2).json,20579351,50919.568643698636,0.001458899722,75.425,19.176,32.27,41.622
170,analysis/data_extraction/input/WOFF\Firefox 2023-11-21 19.33 profile.json,20144751,41210.06239603119,0.001454290834,75.17,14.455,37.329,41.411
171,analysis/data_extraction/input/WOFF\Firefox 2023-11-21 19.34 profile(1).json,19199095,46595.06502685235,0.001417826389,73.44,32.178,32.26,41.96
172,analysis/data_extraction/input/WOFF\Firefox 2023-11-21 19.34 profile(2).json,20932646,45234.61303255439,0.0015306086109999999,78.858,23.237,32.39,42.676
173,analysis/data_extraction/input/WOFF\Firefox 2023-11-21 19.34 profile.json,21131095,49667.9316550734,0.0014829608329999999,77.32,26.853,38.66,44.87
174,analysis/data_extraction/input/WOFF\Firefox 2023-11-21 19.35 profile(1).json,21171676,42356.377287611,0.001484163889,76.371,23.999,38.277,46.349
175,analysis/data_extraction/input/WOFF\Firefox 2023-11-21 19.35 profile(2).json,20492153,47159.535713008096,0.001597895,82.985,14.774,42.525,47.554
176,analysis/data_extraction/input/WOFF\Firefox 2023-11-21 19.35 profile(3).json,18911953,49280.617848888105,0.001553348056,80.89,18.761,44.781,50.526
177,analysis/data_extraction/input/WOFF\Firefox 2023-11-21 19.35 profile.json,18861294,51018.76468057469,0.00146827,76.802,26.007,41.832,46.822
178,analysis/data_extraction/input/WOFF\Firefox 2023-11-21 19.36 profile(1).json,22539040,47844.99324016187,0.001546824445,80.362,27.61,40.039,49.735
179,analysis/data_extraction/input/WOFF\Firefox 2023-11-21 19.36 profile(2).json,20492624,53436.7361595079,0.001455341388,75.241,23.505,31.252,43.471
180,analysis/data_extraction/input/WOFF\Firefox 2023-11-21 19.36 profile.json,20235523,41283.7754013721,0.001649118056,85.281,17.754,46.477,51.349
181,analysis/data_extraction/input/WOFF\Firefox 2023-11-21 19.37 profile(1).json,19636875,43989.45960388618,0.001516697222,79.354,20.947,43.407,49.951
182,analysis/data_extraction/input/WOFF\Firefox 2023-11-21 19.37 profile(2).json,20143974,42479.944046865625,0.001580713333,80.561,22.796,35.643,50.183
183,analysis/data_extraction/input/WOFF\Firefox 2023-11-21 19.37 profile.json,21821121,51987.41616952462,0.001358148056,70.325,21.628,38.171,40.739
184,analysis/data_extraction/input/WOFF\Firefox 2023-11-21 19.38 profile(1).json,19220726,55548.50327075733,0.001381073889,70.495,22.768,38.308,37.908
185,analysis/data_extraction/input/WOFF\Firefox 2023-11-21 19.38 profile(2).json,19999104,49769.9090190801,0.001343491111,70.61,22.14,35.365,40.262
186,analysis/data_extraction/input/WOFF\Firefox 2023-11-21 19.38 profile(3).json,20285952,47686.540111675284,0.001479131389,77.95,19.239,38.3,43.526
187,analysis/data_extraction/input/WOFF\Firefox 2023-11-21 19.38 profile.json,19430063,42422.99498600456,0.001473726111,76.405,16.552,29.762,45.452
188,analysis/data_extraction/input/WOFF\Firefox 2023-11-21 19.39 profile(1).json,20932219,63910.886564989596,0.001673009722,85.203,19.285,44.359,48.314
189,analysis/data_extraction/input/WOFF\Firefox 2023-11-21 19.39 profile(2).json,21454152,40802.93223170598,0.0014814188889999999,77.466,27.563,33.925,43.591
190,analysis/data_extraction/input/WOFF\Firefox 2023-11-21 19.39 profile.json,20160258,38055.276070010004,0.0013601474999999999,70.653,22.181,36.204,43.758
191,analysis/data_extraction/input/WOFF\Firefox 2023-11-21 19.40 profile(1).json,21088963,39159.70138038748,0.001382480278,72.017,30.056,39.793,44.361
192,analysis/data_extraction/input/WOFF\Firefox 2023-11-21 19.40 profile(2).json,20637380,67892.53272917347,0.001370246389,72.209,22.898,31.178,37.009
193,analysis/data_extraction/input/WOFF\Firefox 2023-11-21 19.40 profile.json,20648849,54944.44098898434,0.0014525625,75.184,14.31,38.726,43.456
194,analysis/data_extraction/input/WOFF\Firefox 2023-11-21 19.41 profile(1).json,20618994,41399.295422919065,0.001542063055,80.86,28.158,37.84,48.254
195,analysis/data_extraction/input/WOFF\Firefox 2023-11-21 19.41 profile(2).json,19773931,47240.988496767466,0.001378278056,72.271,20.55,35.311,42.179
196,analysis/data_extraction/input/WOFF\Firefox 2023-11-21 19.41 profile(3).json,20101616,34737.28444969917,0.001459780833,74.552,17.35,40.554,37.387
197,analysis/data_extraction/input/WOFF\Firefox 2023-11-21 19.41 profile.json,19950492,49359.67168306079,0.001452935278,76.202,18.457,34.087,44.333
198,analysis/data_extraction/input/WOFF\Firefox 2023-11-21 19.42 profile(1).json,22123747,38202.95598419605,0.001597217222,82.595,27.04,40.595,51.189
199,analysis/data_extraction/input/WOFF\Firefox 2023-11-21 19.42 profile(2).json,19746092,57546.79484047864,0.001508123333,78.233,22.095,40.599,45.419
200,analysis/data_extraction/input/WOFF\Firefox 2023-11-21 19.42 profile.json,20331111,47107.87906079824,0.001421842223,75.083,26.375,42.478,42.027
201,analysis/data_extraction/input/WOFF\Firefox 2023-11-21 19.43 profile(1).json,19940220,44628.729107131694,0.001409574444,72.966,23.81,32.187,41.788
202,analysis/data_extraction/input/WOFF\Firefox 2023-11-21 19.43 profile(2).json,19082267,43653.361269647496,0.001522441389,79.548,16.09,38.767,47.849
203,analysis/data_extraction/input/WOFF\Firefox 2023-11-21 19.43 profile.json,21389607,46034.42435719461,0.001428569167,73.78,17.093,40.534,46.151
204,analysis/data_extraction/input/WOFF\Firefox 2023-11-21 19.44 profile(1).json,19246552,38828.97018868767,0.001526558889,78.729,14.33,38.298,45.042
205,analysis/data_extraction/input/WOFF\Firefox 2023-11-21 19.44 profile(2).json,21404045,47343.30606174416,0.001334273334,70.065,19.113,36.776,38.983
206,analysis/data_extraction/input/WOFF\Firefox 2023-11-21 19.44 profile.json,21800429,41518.4568247469,0.0015163075,76.453,20.936,45.923,41.672
207,analysis/data_extraction/input/WOFF\Firefox 2023-11-21 19.45 profile(1).json,21909297,55239.76297212426,0.001496685833,77.596,24.53,42.016,45.275
208,analysis/data_extraction/input/WOFF\Firefox 2023-11-21 19.45 profile(2).json,19057769,31244.65577862307,0.001488535555,76.297,15.844,35.516,40.988
209,analysis/data_extraction/input/WOFF\Firefox 2023-11-21 19.45 profile(3).json,19783103,41224.344644292934,0.001402576389,72.014,17.065,40.498,37.046
210,analysis/data_extraction/input/WOFF\Firefox 2023-11-21 19.45 profile.json,19602172,40842.71768888967,0.001428450555,74.374,14.767,35.883,38.088
211,analysis/data_extraction/input/WOFF\Firefox 2023-11-21 19.46 profile(1).json,20284330,35778.9412624698,0.001434703056,75.174,31.094,41.737,44.623
212,analysis/data_extraction/input/WOFF\Firefox 2023-11-21 19.46 profile(2).json,20746611,50753.83448420215,0.001423502778,74.555,23.359,38.529,43.787
213,analysis/data_extraction/input/WOFF\Firefox 2023-11-21 19.46 profile.json,20279491,52448.49408974489,0.0014495463889999999,76.145,25.953,34.925,44.145
214,analysis/data_extraction/input/WOFF\Firefox 2023-11-21 19.47 profile(1).json,21023757,40523.642069183436,0.001449631111,74.756,23.328,36.942,43.343
215,analysis/data_extraction/input/WOFF\Firefox 2023-11-21 19.47 profile(2).json,20878468,44386.833517834566,0.001510105833,78.351,21.673,35.933,43.615
216,analysis/data_extraction/input/WOFF\Firefox 2023-11-21 19.47 profile.json,20602144,63099.619264097455,0.001348777777,69.133,26.08,34.945,35.415
217,analysis/data_extraction/input/WOFF\Firefox 2023-11-21 19.48 profile(1).json,20962681,44501.68476996417,0.001453731666,75.414,16.615,34.229,45.671
218,analysis/data_extraction/input/WOFF\Firefox 2023-11-21 19.48 profile(2).json,20862647,43286.35024493028,0.001621091945,83.776,34.721,34.034,50.764
219,analysis/data_extraction/input/WOFF\Firefox 2023-11-21 19.48 profile(3).json,21011772,43357.87738180204,0.001484401111,76.643,20.066,38.188,43.417
220,analysis/data_extraction/input/WOFF\Firefox 2023-11-21 19.48 profile.json,21888070,55365.3304820634,0.001587491111,80.979,34.655,41.004,50.84
221,analysis/data_extraction/input/WOFF\Firefox 2023-11-21 19.49 profile(1).json,21671394,33665.975004265005,0.001632292222,84.115,23.283,35.067,49.812
222,analysis/data_extraction/input/WOFF\Firefox 2023-11-21 19.49 profile(2).json,21178672,49609.79935058445,0.001525898055,78.182,18.484,42.321,47.274
223,analysis/data_extraction/input/WOFF\Firefox 2023-11-21 19.49 profile.json,21195375,38913.71890586116,0.001610213611,84.688,21.021,41.314,50.811
224,analysis/data_extraction/input/WOFF\Firefox 2023-11-21 19.50 profile(1).json,21510455,26443.740972637333,0.001311110277,68.137,27.837,39.501,36.437
225,analysis/data_extraction/input/WOFF\Firefox 2023-11-21 19.50 profile(2).json,21641995,50691.91674577806,0.001599708055,83.371,26.842,33.187,46.662
226,analysis/data_extraction/input/WOFF\Firefox 2023-11-21 19.50 profile.json,19505468,39640.62499354623,0.001503158611,77.953,20.391,33.291,48.476
227,analysis/data_extraction/input/WOFF\Firefox 2023-11-21 19.51 profile.json,21288964,28384.388932310972,0.001664113889,85.223,28.199,35.448,49.335
228,analysis/data_extraction/input/WOFF\Firefox 2023-11-21 20.05 profile.json,31314674,36584.899556706856,0.0015278975,76.165,34.486,38.06,49.611
229,analysis/data_extraction/input/WOFF\Firefox 2023-11-21 20.06 profile(1).json,30110459,41091.23620880296,0.001587101389,80.19,29.712,41.73,53.122
230,analysis/data_extraction/input/WOFF\Firefox 2023-11-21 20.06 profile(2).json,29858224,31870.414816927256,0.001670569723,85.614,32.636,40.234,52.218
231,analysis/data_extraction/input/WOFF\Firefox 2023-11-21 20.06 profile.json,29740669,34676.525707857,0.001656166945,84.266,34.53,47.593,52.55
232,analysis/data_extraction/input/WOFF\Firefox 2023-11-21 20.07 profile(1).json,29246595,34346.00299918218,0.001674348333,87.204,35.515,54.7,59.219
233,analysis/data_extraction/input/WOFF\Firefox 2023-11-21 20.07 profile(2).json,30345636,28825.523271256523,0.001786673055,90.79,34.02,56.681,57.276
234,analysis/data_extraction/input/WOFF\Firefox 2023-11-21 20.07 profile(3).json,30326647,30429.483015586597,0.001670552778,83.641,36.54,43.522,55.708
235,analysis/data_extraction/input/WOFF\Firefox 2023-11-21 20.07 profile.json,30163976,39714.01795250842,0.001595014444,81.967,47.223,40.406,53.073
236,analysis/data_extraction/input/WOFF\Firefox 2023-11-21 20.08 profile(1).json,28928501,35359.65254161559,0.001706271667,85.697,28.149,43.214,56.78
237,analysis/data_extraction/input/WOFF\Firefox 2023-11-21 20.08 profile(2).json,27617663,28770.707173749273,0.0015131558339999999,77.89,40.484,51.071,47.228
238,analysis/data_extraction/input/WOFF\Firefox 2023-11-21 20.08 profile.json,30064679,27169.03733949097,0.001740702778,89.269,33.438,43.398,54.967
239,analysis/data_extraction/input/WOFF\Firefox 2023-11-21 20.09 profile(1).json,30143042,39647.20159363772,0.001523085278,77.486,34.883,42.004,48.778
240,analysis/data_extraction/input/WOFF\Firefox 2023-11-21 20.09 profile(2).json,29053539,29911.087479606045,0.0019211272229999999,99.865,44.892,52.123,63.513
241,analysis/data_extraction/input/WOFF\Firefox 2023-11-21 20.09 profile.json,31249866,23780.357979533415,0.001713015555,86.783,32.117,47.105,51.666
242,analysis/data_extraction/input/WOFF\Firefox 2023-11-21 20.10 profile(1).json,30001852,21852.15915369441,0.001616805,83.77,33.98,48.61,52.607
243,analysis/data_extraction/input/WOFF\Firefox 2023-11-21 20.10 profile(2).json,31178091,25974.72692077165,0.001936953333,91.048,34.648,54.231,58.695
244,analysis/data_extraction/input/WOFF\Firefox 2023-11-21 20.10 profile(3).json,29503239,26169.50737030711,0.001737906944,89.037,41.984,45.193,57.419
245,analysis/data_extraction/input/WOFF\Firefox 2023-11-21 20.10 profile.json,30735728,29357.98727392217,0.001595793888,80.838,32.595,40.825,51.509
246,analysis/data_extraction/input/WOFF\Firefox 2023-11-21 20.11 profile(1).json,29910764,33626.78227280588,0.001708305,86.584,34.554,38.123,57.942
247,analysis/data_extraction/input/WOFF\Firefox 2023-11-21 20.11 profile(2).json,28903165,33825.00265548272,0.001592371111,82.719,32.249,50.481,53.064
248,analysis/data_extraction/input/WOFF\Firefox 2023-11-21 20.11 profile.json,29830569,25953.827433421644,0.001848672778,93.738,33.288,46.206,60.864
249,analysis/data_extraction/input/WOFF\Firefox 2023-11-21 20.12 profile(1).json,29435280,27191.33517015564,0.001718691945,87.87,37.057,43.176,56.243
250,analysis/data_extraction/input/WOFF\Firefox 2023-11-21 20.12 profile(2).json,30078794,30470.18889701444,0.001684786111,86.613,34.85,40.512,53.082
251,analysis/data_extraction/input/WOFF\Firefox 2023-11-21 20.12 profile.json,28650071,38125.25139961069,0.001794789445,92.984,45.591,48.872,61.365
252,analysis/data_extraction/input/WOFF\Firefox 2023-11-21 20.13 profile(1).json,30976150,28718.124137605828,0.001781454166,90.62,34.013,55.738,60.3
253,analysis/data_extraction/input/WOFF\Firefox 2023-11-21 20.13 profile(2).json,28291306,31845.362737922507,0.001715099722,88.134,34.199,48.029,62.466
254,analysis/data_extraction/input/WOFF\Firefox 2023-11-21 20.13 profile(3).json,29964650,26518.08364258141,0.001796399167,90.609,34.207,53.248,57.796
255,analysis/data_extraction/input/WOFF\Firefox 2023-11-21 20.13 profile.json,27402457,30682.93295819665,0.001600724722,81.567,29.675,49.644,54.842
256,analysis/data_extraction/input/WOFF\Firefox 2023-11-21 20.14 profile(1).json,31364907,30783.197008893872,0.001784826111,92.006,45.399,56.663,61.125
257,analysis/data_extraction/input/WOFF\Firefox 2023-11-21 20.14 profile(2).json,28951493,40605.31995952008,0.001618296111,79.886,28.383,46.723,51.321
258,analysis/data_extraction/input/WOFF\Firefox 2023-11-21 20.14 profile.json,29416324,34483.64585055052,0.001630038611,83.071,27.522,40.191,51.137
259,analysis/data_extraction/input/WOFF\Firefox 2023-11-21 20.15 profile(1).json,30852435,33526.169268705984,0.001676076667,83.315,26.986,45.996,50.541
260,analysis/data_extraction/input/WOFF\Firefox 2023-11-21 20.15 profile(2).json,28351427,32634.618410152583,0.001659386389,86.077,33.734,45.058,58.194
261,analysis/data_extraction/input/WOFF\Firefox 2023-11-21 20.15 profile.json,30837904,37817.00646465922,0.001785402223,92.698,35.523,53.864,60.305
262,analysis/data_extraction/input/WOFF\Firefox 2023-11-21 20.16 profile(1).json,31504138,24887.731174866676,0.0015385725,77.981,26.571,40.465,51.192
263,analysis/data_extraction/input/WOFF\Firefox 2023-11-21 20.16 profile(2).json,29636641,44623.89305949392,0.0016901405559999999,86.494,30.363,42.643,52.431
264,analysis/data_extraction/input/WOFF\Firefox 2023-11-21 20.16 profile(3).json,30352189,33916.68562000034,0.0015916425,79.131,35.992,40.897,50.677
265,analysis/data_extraction/input/WOFF\Firefox 2023-11-21 20.16 profile.json,26772262,25435.51034709592,0.001844945,96.421,29.263,60.419,64.85
266,analysis/data_extraction/input/WOFF\Firefox 2023-11-21 20.17 profile(1).json,29590521,33943.882970410654,0.001712049722,85.735,33.896,45.774,59.501
267,analysis/data_extraction/input/WOFF\Firefox 2023-11-21 20.17 profile(2).json,30025187,32986.54191847593,0.001685616389,87.664,32.478,44.598,56.374
268,analysis/data_extraction/input/WOFF\Firefox 2023-11-21 20.17 profile.json,30091588,24987.256175808358,0.001723165278,88.27,34.043,55.302,58.853
269,analysis/data_extraction/input/WOFF\Firefox 2023-11-21 20.18 profile(1).json,31412662,29027.95125955134,0.001797856388,91.618,34.38,59.134,60.4
270,analysis/data_extraction/input/WOFF\Firefox 2023-11-21 20.18 profile(2).json,29814857,42009.093377146,0.001680516111,83.812,28.397,40.956,52.466
271,analysis/data_extraction/input/WOFF\Firefox 2023-11-21 20.18 profile.json,29243079,23275.95382861623,0.0015367425,79.133,36.865,39.134,52.153
272,analysis/data_extraction/input/WOFF\Firefox 2023-11-21 20.19 profile(1).json,30643872,35147.35807617383,0.001760815834,89.436,33.552,44.668,58.699
273,analysis/data_extraction/input/WOFF\Firefox 2023-11-21 20.19 profile(2).json,28629508,25107.88185985888,0.001645407222,83.279,31.168,43.832,57.737
274,analysis/data_extraction/input/WOFF\Firefox 2023-11-21 20.19 profile(3).json,29644686,35841.83844732798,0.001756715277,89.454,35.318,43.846,58.209
275,analysis/data_extraction/input/WOFF\Firefox 2023-11-21 20.19 profile.json,26933173,36363.88065738867,0.0016227355549999999,82.957,35.072,53.94,53.433
276,analysis/data_extraction/input/WOFF\Firefox 2023-11-21 20.20 profile(1).json,29336550,27590.35336275276,0.001744328889,88.491,41.89,48.11,56.61
277,analysis/data_extraction/input/WOFF\Firefox 2023-11-21 20.20 profile(2).json,29868528,28524.247174432963,0.001687836111,85.772,38.316,42.52,54.368
278,analysis/data_extraction/input/WOFF\Firefox 2023-11-21 20.20 profile.json,29707257,24027.938081312073,0.001722978889,87.457,27.329,52.626,57.068
279,analysis/data_extraction/input/WOFF\Firefox 2023-11-21 20.21 profile(1).json,30258200,33780.7978654473,0.001653184722,84.196,35.32,42.388,53.677
280,analysis/data_extraction/input/WOFF\Firefox 2023-11-21 20.21 profile(2).json,29295527,35855.71965150254,0.001658217222,84.703,33.451,51.025,54.973
281,analysis/data_extraction/input/WOFF\Firefox 2023-11-21 20.21 profile.json,28628236,35385.67183630452,0.001600419722,83.78,32.876,51.564,55.197
282,analysis/data_extraction/input/WOFF\Firefox 2023-11-21 20.22 profile(1).json,29888702,33111.07757173337,0.001593862222,81.21,29.322,42.95,52.283
283,analysis/data_extraction/input/WOFF\Firefox 2023-11-21 20.22 profile(2).json,27958494,38110.491289445956,0.001570445,79.405,33.396,41.305,53.311
284,analysis/data_extraction/input/WOFF\Firefox 2023-11-21 20.22 profile(3).json,28168972,48272.69188869171,0.001694071667,87.008,33.047,45.325,57.873
285,analysis/data_extraction/input/WOFF\Firefox 2023-11-21 20.22 profile.json,31989880,37267.0534518346,0.001770626667,89.579,29.591,43.852,54.158
286,analysis/data_extraction/input/WOFF\Firefox 2023-11-21 20.23 profile(1).json,30655569,38579.08354959221,0.001606570555,81.014,31.671,49.219,54.704
287,analysis/data_extraction/input/WOFF\Firefox 2023-11-21 20.23 profile(2).json,28279571,24928.851484179537,0.001696630278,85.237,30.928,45.987,58.432
288,analysis/data_extraction/input/WOFF\Firefox 2023-11-21 20.23 profile.json,27442072,38936.023678251695,0.001630411389,83.96,35.7,55.501,52.063
289,analysis/data_extraction/input/WOFF\Firefox 2023-11-21 20.24 profile(1).json,30303687,35485.491125150365,0.0017870966669999999,92.144,35.639,38.9,57.378
290,analysis/data_extraction/input/WOFF\Firefox 2023-11-21 20.24 profile(2).json,29298779,31818.27693189824,0.0016881749999999999,86.233,28.653,49.172,53.749
291,analysis/data_extraction/input/WOFF\Firefox 2023-11-21 20.24 profile.json,29902457,33170.48144648272,0.001716726388,86.328,19.871,48.739,53.384
292,analysis/data_extraction/input/WOFF\Firefox 2023-11-21 20.25 profile(1).json,29482189,23895.767450436197,0.001704068888,88.261,27.832,40.813,52.769
293,analysis/data_extraction/input/WOFF\Firefox 2023-11-21 20.25 profile(2).json,28942565,42291.93826730252,0.001518730555,77.578,26.777,41.841,50.554
294,analysis/data_extraction/input/WOFF\Firefox 2023-11-21 20.25 profile.json,31133860,19730.778940133405,0.001591320555,81.333,41.733,41.36,53.156
295,analysis/data_extraction/input/WOFF\Firefox 2023-11-21 20.26 profile(1).json,30517383,36009.22407151211,0.001526762222,78.609,31.54,39.173,50.904
296,analysis/data_extraction/input/WOFF\Firefox 2023-11-21 20.26 profile(2).json,30039262,26981.64344474772,0.001602046388,80.982,34.971,45.142,49.653
297,analysis/data_extraction/input/WOFF\Firefox 2023-11-21 20.26 profile(3).json,29931438,39869.509208923766,0.001636833333,83.491,28.42,41.181,52.036
298,analysis/data_extraction/input/WOFF\Firefox 2023-11-21 20.26 profile.json,27075220,26013.241844721786,0.001653964166,86.079,33.824,53.966,58.59
299,analysis/data_extraction/input/WOFF\Firefox 2023-11-21 20.27 profile(1).json,28726649,38035.91064881749,0.001571902222,80.023,33.927,40.748,51.6
300,analysis/data_extraction/input/WOFF\Firefox 2023-11-21 20.27 profile(2).json,31594465,30997.35670250681,0.001855535277,93.045,30.55,47.233,61.534
301,analysis/data_extraction/input/WOFF\Firefox 2023-11-21 20.27 profile.json,29747160,26663.02634150512,0.0017641877779999999,91.024,30.955,56.444,60.95
302,analysis/data_extraction/input/WOFF\Firefox 2023-11-21 20.28 profile(1).json,29350393,38318.88863583189,0.001637883889,83.518,33.133,43.861,58.38
303,analysis/data_extraction/input/WOFF\Firefox 2023-11-21 20.28 profile(2).json,30387648,28681.213039585215,0.001716675556,88.556,35.165,43.81,55.909
304,analysis/data_extraction/input/WOFF\Firefox 2023-11-21 20.28 profile.json,30830875,27507.155261356886,0.001713320556,86.874,30.697,44.487,57.422
305,analysis/data_extraction/input/WOFF\Firefox 2023-11-21 20.29 profile(1).json,29183919,30462.40700213793,0.001772270277,88.512,31.371,45.139,57.143
306,analysis/data_extraction/input/WOFF\Firefox 2023-11-21 20.29 profile(2).json,31007513,32277.326672912488,0.0017484294449999999,87.751,35.956,43.363,54.21
307,analysis/data_extraction/input/WOFF\Firefox 2023-11-21 20.29 profile(3).json,29839864,39054.08855186479,0.001805430556,91.117,30.835,45.018,59.101
308,analysis/data_extraction/input/WOFF\Firefox 2023-11-21 20.29 profile.json,30305649,21419.890576727463,0.001770897778,89.161,33.633,52.228,56.471
309,analysis/data_extraction/input/WOFF\Firefox 2023-11-21 20.30 profile(1).json,29304161,27512.710745178294,0.00152866,77.62,33.673,37.858,49.343
310,analysis/data_extraction/input/WOFF\Firefox 2023-11-21 20.30 profile(2).json,28940377,25231.266168950682,0.001580899722,80.883,34.597,51.952,50.59
311,analysis/data_extraction/input/WOFF\Firefox 2023-11-21 20.30 profile.json,28872385,29688.926895536923,0.001526270833,77.292,33.952,50.142,46.596
312,analysis/data_extraction/input/WOFF\Firefox 2023-11-21 20.31 profile(1).json,29310055,29991.31123505088,0.001646373056,83.277,44.271,41.278,56.412
313,analysis/data_extraction/input/WOFF\Firefox 2023-11-21 20.31 profile(2).json,30658203,32237.47021443887,0.001734213055,87.838,38.983,42.25,54.291
314,analysis/data_extraction/input/WOFF\Firefox 2023-11-21 20.31 profile.json,28910517,37920.94142280463,0.001674128055,85.599,40.546,43.457,58.902
315,analysis/data_extraction/input/WOFF\Firefox 2023-11-21 20.32 profile(1).json,29183932,20790.47700342375,0.001572596944,80.988,45.414,50.647,47.216
316,analysis/data_extraction/input/WOFF\Firefox 2023-11-21 20.32 profile(2).json,29671424,34293.84210339761,0.001791468333,92.618,41.285,47.909,62.506
317,analysis/data_extraction/input/WOFF\Firefox 2023-11-21 20.32 profile(3).json,30532803,31856.398616617036,0.001484214722,76.315,33.302,39.746,49.345
318,analysis/data_extraction/input/WOFF\Firefox 2023-11-21 20.32 profile.json,31838606,30538.08520080889,0.001745311667,87.416,36.472,49.96,54.643
319,analysis/data_extraction/input/WOFF\Firefox 2023-11-21 20.33 profile(1).json,28358681,24606.98183204478,0.001708931944,87.946,36.329,57.753,58.288
320,analysis/data_extraction/input/WOFF\Firefox 2023-11-21 20.33 profile(2).json,30925409,26761.327027752297,0.0016647069449999999,86.602,39.526,39.763,54.969
321,analysis/data_extraction/input/WOFF\Firefox 2023-11-21 20.33 profile.json,29430959,31688.733712123158,0.001632038055,84.357,38.166,39.774,52.245
322,analysis/data_extraction/input/WOFF\Firefox 2023-11-21 20.34 profile(1).json,30946412,42037.75329961992,0.001717488889,86.535,31.326,42.606,53.924
323,analysis/data_extraction/input/WOFF\Firefox 2023-11-21 20.34 profile(2).json,29226138,29559.106737717302,0.001648508055,85.917,42.508,45.883,60.552
324,analysis/data_extraction/input/WOFF\Firefox 2023-11-21 20.34 profile.json,30552101,32305.17184611341,0.001600097778,81.718,39.11,43.428,55.462
325,analysis/data_extraction/input/WOFF\Firefox 2023-11-21 20.35 profile(1).json,29816160,35261.68699036866,0.001699866667,87.46,28.21,47.663,56.347
326,analysis/data_extraction/input/WOFF\Firefox 2023-11-21 20.35 profile(2).json,29119005,37031.57420603063,0.001668671945,84.613,28.437,49.786,53.748
327,analysis/data_extraction/input/WOFF\Firefox 2023-11-21 20.35 profile(3).json,28543703,29217.53629702842,0.001767712222,89.448,31.77,53.051,56.011
328,analysis/data_extraction/input/WOFF\Firefox 2023-11-21 20.35 profile.json,30894190,36033.2845969439,0.001766356666,89.649,37.222,44.119,55.98
329,analysis/data_extraction/input/WOFF\Firefox 2023-11-21 20.36 profile(1).json,30691643,35987.81460187518,0.001739093056,88.316,37.691,46.213,52.684
330,analysis/data_extraction/input/WOFF\Firefox 2023-11-21 20.36 profile(2).json,29267404,28593.131339331303,0.0017869611109999999,90.465,25.529,53.12,57.71
331,analysis/data_extraction/input/WOFF\Firefox 2023-11-21 20.36 profile.json,28462119,32675.18723223886,0.001728824722,87.921,25.767,51.217,55.682
332,analysis/data_extraction/input/WOFF\Firefox 2023-11-21 20.37 profile(1).json,29710747,26649.857397251977,0.001592184722,81.333,38.152,42.035,52.955
333,analysis/data_extraction/input/WOFF\Firefox 2023-11-21 20.37 profile(2).json,31021771,30393.349669508218,0.0017730158329999999,88.99,33.15,44.606,56.151
334,analysis/data_extraction/input/WOFF\Firefox 2023-11-21 20.37 profile.json,28702981,23123.497613006002,0.001653726945,84.509,38.73,42.618,54.053
335,analysis/data_extraction/input/WOFF\Firefox 2023-11-21 20.38 profile(1).json,29785852,33747.2818155387,0.001644204167,85.201,35.77,49.448,54.038
336,analysis/data_extraction/input/WOFF\Firefox 2023-11-21 20.38 profile(2).json,29970732,34092.00799812795,0.001884984723,92.22,27.073,48.558,58.97
337,analysis/data_extraction/input/WOFF\Firefox 2023-11-21 20.38 profile(3).json,30188867,32513.195163476455,0.001740770555,88.665,32.816,50.277,59.324
338,analysis/data_extraction/input/WOFF\Firefox 2023-11-21 20.38 profile.json,29637847,22901.590753319128,0.001667604445,84.695,36.445,40.271,51.7
339,analysis/data_extraction/input/WOFF\Firefox 2023-11-21 20.39 profile(1).json,29249657,40489.15407213496,0.001736907222,87.703,29.481,50.869,57.724
340,analysis/data_extraction/input/WOFF\Firefox 2023-11-21 20.39 profile(2).json,30771018,28554.06597044777,0.0017459724999999999,89.7,34.138,52.029,56.638
341,analysis/data_extraction/input/WOFF\Firefox 2023-11-21 20.39 profile.json,29870759,28486.881870874997,0.001811293334,91.199,33.963,45.638,60.016
342,analysis/data_extraction/input/WOFF\Firefox 2023-11-21 20.40 profile(1).json,29837507,25363.689181757636,0.0016362572219999999,82.853,29.861,44.281,55.407
343,analysis/data_extraction/input/WOFF\Firefox 2023-11-21 20.40 profile(2).json,28237965,26065.236741564542,0.0016649102779999999,85.589,33.165,52.036,56.398
344,analysis/data_extraction/input/WOFF\Firefox 2023-11-21 20.40 profile.json,29461055,38354.698789516355,0.001738838889,88.982,37.297,45.829,58.44
345,analysis/data_extraction/input/WOFF\Firefox 2023-11-21 20.41 profile(1).json,28450824,30975.836404051366,0.001748548056,87.659,30.838,52.802,56.911
346,analysis/data_extraction/input/WOFF\Firefox 2023-11-21 20.41 profile(3).json,29709991,23152.791170896493,0.001665774445,86.002,37.659,51.049,55.729
347,analysis/data_extraction/input/WOFF\Firefox 2023-11-21 20.41 profile.json,31148595,37962.39228439029,0.001719403611,86.101,28.711,47.653,54.634
348,analysis/data_extraction/input/WOFF\Firefox 2023-11-21 20.42 profile(1).json,28439293,42459.72673711845,0.001562294722,79.428,36.804,47.002,51.554
349,analysis/data_extraction/input/WOFF\Firefox 2023-11-21 20.42 profile(2).json,30501360,38972.362079349296,0.001711676945,87.104,29.231,42.68,54.024
350,analysis/data_extraction/input/WOFF\Firefox 2023-11-21 20.42 profile.json,29049419,31526.322863138834,0.0016565736109999999,83.115,30.983,40.293,54.248
351,analysis/data_extraction/input/WOFF\Firefox 2023-11-21 20.43 profile(1).json,28537587,37870.763112577086,0.001658488333,83.101,39.793,41.877,53.895
352,analysis/data_extraction/input/WOFF\Firefox 2023-11-21 20.43 profile(2).json,29399193,34988.84802365446,0.001644492223,82.857,26.627,46.617,51.161
353,analysis/data_extraction/input/WOFF\Firefox 2023-11-21 20.43 profile.json,29179270,27162.867964725472,0.001480249722,74.628,32.364,36.689,48.171
354,analysis/data_extraction/input/WOFF\Firefox 2023-11-21 20.44 profile(1).json,30159042,42675.31296264832,0.0019300230559999999,93.294,28.445,46.326,60.464
355,analysis/data_extraction/input/WOFF\Firefox 2023-11-21 20.44 profile(2).json,29329199,36679.87160478253,0.001633478334,83.686,33.718,52.048,55.836
356,analysis/data_extraction/input/WOFF\Firefox 2023-11-21 20.44 profile(3).json,29274180,38519.187230713425,0.001592388056,83.029,29.829,50.835,54.856
357,analysis/data_extraction/input/WOFF\Firefox 2023-11-21 20.44 profile.json,29006030,29857.817426735473,0.001689733888,85.806,31.838,51.732,56.264
358,analysis/data_extraction/input/WOFF\Firefox 2023-11-21 20.45 profile(1).json,28013988,32146.52715816771,0.0016860061109999999,83.957,35.524,45.355,56.901
359,analysis/data_extraction/input/WOFF\Firefox 2023-11-21 20.45 profile(2).json,29372504,36978.93264285565,0.001764848611,89.884,25.333,51.031,57.67
360,analysis/data_extraction/input/WOFF\Firefox 2023-11-21 20.45 profile.json,30120671,31859.068147531867,0.001596302222,80.572,35.968,42.571,53.977
361,analysis/data_extraction/input/WOFF\Firefox 2023-11-21 20.46 profile(1).json,29757479,40741.29452806696,0.001671027222,84.527,30.286,48.59,55.064
362,analysis/data_extraction/input/WOFF\Firefox 2023-11-21 20.46 profile(2).json,29212886,28769.662780337167,0.001821375277,93.441,37.314,60.242,64.676
363,analysis/data_extraction/input/WOFF\Firefox 2023-11-21 20.46 profile.json,28948621,35869.182856960375,0.0016911911109999999,86.308,38.856,46.104,59.027
364,analysis/data_extraction/input/WOFF\Firefox 2023-11-21 20.47 profile(1).json,28784010,32777.80595147217,0.001757054166,90.113,34.235,44.703,56.719
365,analysis/data_extraction/input/WOFF\Firefox 2023-11-21 20.47 profile(2).json,28227876,30063.367500478013,0.001677991389,84.762,29.078,50.187,54.04
366,analysis/data_extraction/input/WOFF\Firefox 2023-11-21 20.47 profile.json,28975584,37568.71242043406,0.001608078611,81.911,32.717,49.952,54.431
367,analysis/data_extraction/input/WOFF\Firefox 2023-11-21 20.48 profile(1).json,29841261,25485.208229259028,0.001710846667,88.359,36.425,44.308,57.008
368,analysis/data_extraction/input/WOFF\Firefox 2023-11-21 20.48 profile(2).json,28276246,29676.05180336441,0.001592421945,80.795,29.936,49.789,53.925
369,analysis/data_extraction/input/WOFF\Firefox 2023-11-21 20.48 profile(3).json,30381470,38543.20649361918,0.001664995,82.4,29.567,39.879,49.223
370,analysis/data_extraction/input/WOFF\Firefox 2023-11-21 20.48 profile.json,29463901,38583.07986048017,0.001574731945,80.007,37.469,47.647,52.205
371,analysis/data_extraction/input/WOFF\Firefox 2023-11-21 20.49 profile(1).json,30157150,29967.387041513895,0.0016694683339999999,86.028,34.781,51.893,54.14
372,analysis/data_extraction/input/WOFF\Firefox 2023-11-21 20.49 profile(2).json,29513551,24490.450378368834,0.001593574167,80.65,33.173,51.784,48.365
373,analysis/data_extraction/input/WOFF\Firefox 2023-11-21 20.49 profile.json,29943309,26724.08240759913,0.001726808333,89.128,32.611,45.403,55.422
374,analysis/data_extraction/input/WOFF\Firefox 2023-11-21 20.50 profile(1).json,29415066,41137.046817785995,0.001525898056,77.198,30.949,39.882,49.259
375,analysis/data_extraction/input/WOFF\Firefox 2023-11-21 20.50 profile(2).json,29092810,28729.760440235532,0.001768135833,88.928,34.933,52.467,57.012
376,analysis/data_extraction/input/WOFF\Firefox 2023-11-21 20.50 profile.json,31659327,27968.092553179173,0.001738008611,87.12,33.444,42.037,54.725
377,analysis/data_extraction/input/WOFF\Firefox 2023-11-21 20.51 profile(1).json,29691186,30217.87437506687,0.001719505278,87.199,30.92,52.63,57.128
378,analysis/data_extraction/input/WOFF\Firefox 2023-11-21 20.51 profile(2).json,27963812,21471.294216091283,0.001506564445,75.925,33.955,37.273,48.788
379,analysis/data_extraction/input/WOFF\Firefox 2023-11-21 20.51 profile(3).json,28595177,27797.40759587139,0.0017163366669999999,87.63,38.593,56.544,56.272
380,analysis/data_extraction/input/WOFF\Firefox 2023-11-21 20.51 profile.json,30811787,29070.059848953995,0.001664181666,84.686,29.429,42.802,53.309
381,analysis/data_extraction/input/WOFF\Firefox 2023-11-21 20.52 profile(1).json,29193831,27939.305462058815,0.0016232269449999999,83.214,41.138,51.626,55.746
382,analysis/data_extraction/input/WOFF\Firefox 2023-11-21 20.52 profile.json,29680682,30098.621570729498,0.0018888311109999999,96.554,36.716,42.149,60.698
383,analysis/data_extraction/input/WOFF\Firefox 2023-11-21 20.53 profile(1).json,30443130,38507.499474289616,0.0016989686109999999,86.057,34.763,40.281,50.149
384,analysis/data_extraction/input/WOFF\Firefox 2023-11-21 20.53 profile(2).json,28975110,30398.988898030828,0.001696037222,87.37,35.187,50.52,59.286
385,analysis/data_extraction/input/WOFF\Firefox 2023-11-21 20.53 profile.json,29903326,30278.098853956937,0.0016703325,85.609,31.115,42.854,51.992
386,analysis/data_extraction/input/WOFF\Firefox 2023-11-21 20.54 profile(1).json,29545860,42467.23054497821,0.001646728889,82.623,37.604,37.555,48.806
387,analysis/data_extraction/input/WOFF\Firefox 2023-11-21 20.54 profile(2).json,29255041,36604.89397661632,0.001732518611,87.82,29.776,44.642,56.478
388,analysis/data_extraction/input/WOFF\Firefox 2023-11-21 20.54 profile(3).json,30081232,28443.699682515507,0.0018447586109999999,92.888,36.164,57.532,62.104
389,analysis/data_extraction/input/WOFF\Firefox 2023-11-21 20.54 profile.json,30174734,42378.28355700289,0.001680871944,85.108,29.0,48.63,53.079
390,analysis/data_extraction/input/WOFF\Firefox 2023-11-21 20.55 profile(1).json,28486430,26116.722689989027,0.001729875278,87.766,33.824,53.947,57.468
391,analysis/data_extraction/input/WOFF\Firefox 2023-11-21 20.55 profile(2).json,29607704,34273.666167644944,0.001695156111,86.963,29.15,47.799,52.41
392,analysis/data_extraction/input/WOFF\Firefox 2023-11-21 20.55 profile.json,28971478,34697.51430329812,0.001686785555,85.609,38.411,41.676,54.46
393,analysis/data_extraction/input/WOFF\Firefox 2023-11-21 20.56 profile(1).json,30474229,29870.74100138149,0.001728418056,87.907,31.548,48.692,55.188
394,analysis/data_extraction/input/WOFF\Firefox 2023-11-21 20.56 profile(2).json,28602674,28389.475439197842,0.001608925833,81.392,32.988,43.149,47.655
395,analysis/data_extraction/input/WOFF\Firefox 2023-11-21 20.56 profile.json,28870117,33132.6591217953,0.001591134166,81.611,39.886,41.992,54.635
396,analysis/data_extraction/input/WOFF\Firefox 2023-11-21 20.57 profile(1).json,29144500,36899.64474801128,0.001709745278,86.573,37.276,44.227,57.511
397,analysis/data_extraction/input/WOFF\Firefox 2023-11-21 20.57 profile(2).json,31293602,31145.314394978715,0.001733026945,87.839,27.483,48.953,53.175
398,analysis/data_extraction/input/WOFF\Firefox 2023-11-21 20.57 profile(3).json,28481975,26566.847227808044,0.001689056111,86.869,32.025,50.26,54.609
399,analysis/data_extraction/input/WOFF\Firefox 2023-11-21 20.57 profile.json,30015625,37481.3069315906,0.0017353991659999999,87.425,32.578,47.614,52.183
400,analysis/data_extraction/input/WOFF\Firefox 2023-11-21 20.58 profile(1).json,28665276,31192.704783346013,0.001741380556,89.836,33.843,53.712,58.243
401,analysis/data_extraction/input/WOFF\Firefox 2023-11-21 20.58 profile(2).json,30129713,32730.539958575882,0.001581950278,81.075,29.482,43.14,52.631
402,analysis/data_extraction/input/WOFF\Firefox 2023-11-21 20.58 profile.json,30272119,30242.84720191195,0.001725368055,87.904,38.066,41.3,52.712
403,analysis/data_extraction/input/WOFF\Firefox 2023-11-21 20.59 profile(1).json,31310001,34777.71206768219,0.001752394445,89.039,29.334,44.116,54.778
404,analysis/data_extraction/input/WOFF\Firefox 2023-11-21 20.59 profile(2).json,28883581,37749.75607388104,0.001638493889,83.055,29.202,47.869,52.395
405,analysis/data_extraction/input/WOFF\Firefox 2023-11-21 20.59 profile.json,29763589,31911.130642475644,0.0016500669439999999,84.796,35.13,50.738,52.345
406,analysis/data_extraction/input/WOFF\Firefox 2023-11-21 21.00 profile(1).json,28672600,31343.74786604524,0.0015327097219999999,77.593,32.123,46.823,45.158
407,analysis/data_extraction/input/WOFF\Firefox 2023-11-21 21.00 profile(2).json,30399355,34117.84824580103,0.0016673672219999999,84.236,30.36,37.824,52.486
408,analysis/data_extraction/input/WOFF\Firefox 2023-11-21 21.00 profile(3).json,30197308,34003.41764179036,0.001613788888,81.225,31.284,43.318,54.743
409,analysis/data_extraction/input/WOFF\Firefox 2023-11-21 21.00 profile.json,30179099,41097.32902657447,0.001559803889,77.876,29.831,35.976,51.587
410,analysis/data_extraction/input/WOFF\Firefox 2023-11-21 21.01 profile(1).json,29820958,26831.390313365395,0.0016980875,87.839,35.32,45.317,56.827
411,analysis/data_extraction/input/WOFF\Firefox 2023-11-21 21.01 profile(2).json,29404839,26306.909195701523,0.0017255205559999999,88.321,29.501,50.465,58.72
412,analysis/data_extraction/input/WOFF\Firefox 2023-11-21 21.01 profile.json,28289321,26242.09963671034,0.001728570556,87.422,30.132,49.334,54.541
413,analysis/data_extraction/input/WOFF\Firefox 2023-11-21 21.02 profile(1).json,28328492,38183.75994489431,0.001690225277,85.853,29.417,49.185,53.241
414,analysis/data_extraction/input/WOFF\Firefox 2023-11-21 21.02 profile(2).json,27515648,25227.602322391886,0.001655777222,83.421,30.272,49.183,52.569
415,analysis/data_extraction/input/WOFF\Firefox 2023-11-21 21.02 profile.json,29471150,29906.379542983308,0.001697460555,86.854,32.971,52.529,57.207
416,analysis/data_extraction/input/WOFF\Firefox 2023-11-21 21.03 profile(1).json,28549800,31825.325806166486,0.001591964444,81.502,27.571,44.828,48.265
417,analysis/data_extraction/input/WOFF\Firefox 2023-11-21 21.03 profile(2).json,29175461,29719.630306059735,0.001585135833,82.266,30.602,38.263,50.575
418,analysis/data_extraction/input/WOFF\Firefox 2023-11-21 21.03 profile(3).json,28317402,32290.203836395685,0.0016431875,85.124,36.345,50.654,55.23
419,analysis/data_extraction/input/WOFF\Firefox 2023-11-21 21.03 profile.json,29908675,39154.213024886325,0.001664334166,83.791,30.149,48.473,53.034
420,analysis/data_extraction/input/WOFF\Firefox 2023-11-21 21.04 profile(1).json,28854604,29653.384075451868,0.00157807,80.303,34.306,51.112,46.003
421,analysis/data_extraction/input/WOFF\Firefox 2023-11-21 21.04 profile(2).json,30464852,38667.69471598339,0.001710473889,87.104,27.299,41.949,52.985
422,analysis/data_extraction/input/WOFF\Firefox 2023-11-21 21.04 profile.json,29745047,26126.56346252173,0.001659233889,84.144,36.295,38.485,50.061
423,analysis/data_extraction/input/WOFF\Firefox 2023-11-21 21.05 profile(1).json,29369141,24330.947675625863,0.001717980278,87.476,40.902,45.949,55.829
424,analysis/data_extraction/input/WOFF\Firefox 2023-11-21 21.05 profile(2).json,27776275,26097.84677949736,0.001623074444,83.753,29.309,49.859,54.417
425,analysis/data_extraction/input/WOFF\Firefox 2023-11-21 21.05 profile.json,28693784,26743.60008812761,0.001658945833,85.744,34.232,45.777,57.636
426,analysis/data_extraction/input/WOFF\Firefox 2023-11-21 21.06 profile(1).json,27736267,31832.552674116127,0.0014959911109999999,75.907,36.144,39.438,50.915
427,analysis/data_extraction/input/WOFF\Firefox 2023-11-21 21.06 profile(2).json,28583897,36815.1227171798,0.0016930041669999999,86.527,34.194,52.479,57.06
428,analysis/data_extraction/input/WOFF\Firefox 2023-11-21 21.06 profile.json,28670462,26250.664195328947,0.001589439722,80.572,30.069,36.792,49.676
429,analysis/data_extraction/input/WOFF\Firefox 2023-11-21 21.07 profile(1).json,31480925,36991.44585447742,0.001731468055,88.664,32.449,50.968,55.564
430,analysis/data_extraction/input/WOFF\Firefox 2023-11-21 21.07 profile(2).json,30625597,27308.302687250503,0.001803176944,91.62,33.418,46.191,60.448
431,analysis/data_extraction/input/WOFF\Firefox 2023-11-21 21.07 profile(3).json,30020662,35258.69145056539,0.0017161333329999999,85.321,30.769,41.738,56.003
432,analysis/data_extraction/input/WOFF\Firefox 2023-11-21 21.07 profile.json,29702555,29184.140439105504,0.001771931389,89.037,30.228,44.425,57.817
433,analysis/data_extraction/input/WOFF\Firefox 2023-11-21 21.08 profile(1).json,28709499,41156.12244622045,0.0016080277769999999,82.546,29.516,44.706,54.809
434,analysis/data_extraction/input/WOFF\Firefox 2023-11-21 21.08 profile(2).json,29951459,24567.033879570357,0.001711693888,88.254,29.798,45.232,54.198
435,analysis/data_extraction/input/WOFF\Firefox 2023-11-21 21.08 profile.json,28867155,40287.29751684612,0.001857771945,95.267,34.668,50.451,66.036
436,analysis/data_extraction/input/WOFF\Firefox 2023-11-21 21.09 profile(1).json,28953033,28714.169738645058,0.001686463611,86.765,35.468,52.806,55.484
437,analysis/data_extraction/input/WOFF\Firefox 2023-11-21 21.09 profile(2).json,27173520,28851.63150207863,0.001675449722,84.876,31.546,52.227,53.717
438,analysis/data_extraction/input/WOFF\Firefox 2023-11-21 21.09 profile.json,27460375,47863.402866504846,0.001577426111,80.399,25.506,43.491,47.954
439,analysis/data_extraction/input/WOFF\Firefox 2023-11-21 21.10 profile(1).json,31040614,32860.404232777764,0.001756105277,90.086,33.576,53.793,57.278
440,analysis/data_extraction/input/WOFF\Firefox 2023-11-21 21.10 profile(2).json,29111152,38038.64352182369,0.001663758055,84.626,31.864,51.446,47.874
441,analysis/data_extraction/input/WOFF\Firefox 2023-11-21 21.10 profile(3).json,29071317,36962.08969071753,0.0016381549999999999,84.285,28.148,46.689,51.2
442,analysis/data_extraction/input/WOFF\Firefox 2023-11-21 21.10 profile.json,29494653,43407.7803791616,0.001623193056,83.83,40.06,43.067,54.595
443,analysis/data_extraction/input/WOFF\Firefox 2023-11-21 21.11 profile(1).json,29303230,33402.99660004098,0.001673890834,85.417,34.171,42.238,54.808
444,analysis/data_extraction/input/WOFF\Firefox 2023-11-21 21.11 profile(2).json,28122814,23603.480688925018,0.001557109722,79.59,25.937,38.309,49.778
445,analysis/data_extraction/input/WOFF\Firefox 2023-11-21 21.11 profile.json,30486567,35183.63077749868,0.001626158334,83.051,37.32,48.814,53.458
446,analysis/data_extraction/input/WOFF\Firefox 2023-11-21 21.12 profile(1).json,28246858,24943.95166019446,0.001601283888,81.323,28.512,47.296,51.866
447,analysis/data_extraction/input/WOFF\Firefox 2023-11-21 21.12 profile(2).json,30618524,40312.830680690706,0.001667519722,83.266,28.955,41.542,52.867
448,analysis/data_extraction/input/WOFF\Firefox 2023-11-21 21.12 profile.json,30451429,32016.158315241297,0.0016460680559999999,82.428,35.015,46.909,51.405
449,analysis/data_extraction/input/WOFF\Firefox 2023-11-21 21.13 profile(1).json,30335876,32398.995898227713,0.001771745,90.406,36.474,49.867,61.383
450,analysis/data_extraction/input/WOFF\Firefox 2023-11-21 21.13 profile(2).json,30988211,45257.94545174242,0.001593879167,81.574,28.801,41.515,52.466
451,analysis/data_extraction/input/WOFF\Firefox 2023-11-21 21.13 profile(3).json,27912185,33966.01041500587,0.001596200555,81.428,28.706,38.894,52.322
452,analysis/data_extraction/input/WOFF\Firefox 2023-11-21 21.13 profile.json,26640498,37124.42379319136,0.001574291389,81.017,32.281,48.583,53.28
453,analysis/data_extraction/input/WOFF\Firefox 2023-11-21 21.14 profile(1).json,28899884,31304.544616318773,0.001707983056,85.712,41.775,44.986,57.06
454,analysis/data_extraction/input/WOFF\Firefox 2023-11-21 21.14 profile(2).json,29586259,43737.71289550802,0.001701340833,86.742,34.493,50.145,57.326
455,analysis/data_extraction/input/WOFF\Firefox 2023-11-21 21.14 profile.json,29077999,29992.553521294023,0.001793535555,90.471,32.431,52.833,55.567
456,analysis/data_extraction/input/WOFF\Firefox 2023-11-21 21.15 profile(1).json,31164185,38173.694561464006,0.001656133055,84.024,30.995,39.82,49.971
457,analysis/data_extraction/input/WOFF\Firefox 2023-11-21 21.15 profile(2).json,30212268,26405.2590019413,0.001720132222,87.874,37.101,50.034,56.188
458,analysis/data_extraction/input/WOFF\Firefox 2023-11-21 21.15 profile.json,29335815,33611.444472259755,0.001592879444,81.759,35.999,46.16,50.68
459,analysis/data_extraction/input/WOFF\Firefox 2023-11-21 21.16 profile(1).json,28339871,33313.83999220404,0.001569513056,79.176,38.263,41.545,54.458
460,analysis/data_extraction/input/WOFF\Firefox 2023-11-21 21.16 profile(2).json,29103112,32599.791999239365,0.001599928334,82.114,31.172,50.392,54.577
461,analysis/data_extraction/input/WOFF\Firefox 2023-11-21 21.16 profile(3).json,30694268,39371.40231990826,0.001632495555,83.021,28.552,41.0,51.612
462,analysis/data_extraction/input/WOFF\Firefox 2023-11-21 21.16 profile.json,30846825,31449.917846810255,0.001779081945,90.027,33.888,46.123,57.273
463,analysis/data_extraction/input/WOFF\Firefox 2023-11-21 21.17 profile(1).json,30716910,29876.48030912773,0.001593048889,80.646,34.285,41.449,54.59
464,analysis/data_extraction/input/WOFF\Firefox 2023-11-21 21.17 profile(2).json,31128666,31934.051011713862,0.001802905833,91.767,36.713,43.507,54.607
465,analysis/data_extraction/input/WOFF\Firefox 2023-11-21 21.17 profile.json,29375548,25927.295149654343,0.001698714444,86.724,34.093,52.211,56.784
466,analysis/data_extraction/input/WOFF\Firefox 2023-11-21 21.18 profile(1).json,29958299,41930.28958375067,0.0016206175,82.538,32.867,41.686,57.123
467,analysis/data_extraction/input/WOFF\Firefox 2023-11-21 21.18 profile(2).json,28785129,26671.541799286064,0.0016797705549999999,86.578,33.813,47.253,58.764
468,analysis/data_extraction/input/WOFF\Firefox 2023-11-21 21.18 profile.json,28328791,38655.674389143314,0.001770304723,90.201,33.934,46.26,58.72
469,analysis/data_extraction/input/WOFF\Firefox 2023-11-21 21.19 profile(1).json,29697936,31210.234564585095,0.0016831425,86.145,38.235,43.391,52.898
470,analysis/data_extraction/input/WOFF\Firefox 2023-11-21 21.19 profile(2).json,29366242,39407.684871132114,0.001677262778,84.275,35.541,41.541,50.284
471,analysis/data_extraction/input/WOFF\Firefox 2023-11-21 21.19 profile(3).json,31021347,28495.5384659137,0.001600216389,81.089,30.108,47.673,52.273
472,analysis/data_extraction/input/WOFF\Firefox 2023-11-21 21.19 profile.json,30168990,48599.26667614159,0.001739584444,88.336,29.327,43.429,56.552
473,analysis/data_extraction/input/WOFF\Firefox 2023-11-21 21.20 profile(1).json,28983608,29979.3506832823,0.001632105833,83.229,28.155,41.138,52.016
474,analysis/data_extraction/input/WOFF\Firefox 2023-11-21 21.20 profile(2).json,28908860,28468.04219549416,0.0016055030559999999,83.889,30.236,51.031,55.024
475,analysis/data_extraction/input/WOFF\Firefox 2023-11-21 21.20 profile.json,28522808,24473.6089938959,0.001708016944,87.224,30.039,50.296,54.845
476,analysis/data_extraction/input/WOFF\Firefox 2023-11-21 21.21 profile(1).json,29708294,35731.87436055577,0.001629716666,83.977,37.681,41.393,54.575
477,analysis/data_extraction/input/WOFF\Firefox 2023-11-21 21.21 profile(2).json,28922489,45939.769296933264,0.00175924,88.581,30.81,43.661,58.072
478,analysis/data_extraction/input/WOFF\Firefox 2023-11-21 21.21 profile.json,28923062,38951.32956862681,0.001577222778,81.271,35.79,42.569,50.602
479,analysis/data_extraction/input/WOFF\Firefox 2023-11-21 21.22 profile(1).json,31150403,40223.635831525884,0.001761747778,88.074,32.439,49.094,55.715
480,analysis/data_extraction/input/WOFF\Firefox 2023-11-21 21.22 profile(2).json,29020597,29234.764440446437,0.001629970833,83.611,33.921,51.282,53.664
481,analysis/data_extraction/input/WOFF\Firefox 2023-11-21 21.22 profile(3).json,29088964,35777.455246295336,0.001650998889,83.974,32.072,45.859,50.383
482,analysis/data_extraction/input/WOFF\Firefox 2023-11-21 21.22 profile.json,27773310,28233.819997624967,0.001667214723,84.967,29.505,50.117,54.482
483,analysis/data_extraction/input/WOFF\Firefox 2023-11-21 21.23 profile(1).json,29983165,35898.38238694345,0.0017543091669999999,89.196,36.64,45.454,55.447
484,analysis/data_extraction/input/WOFF\Firefox 2023-11-21 21.23 profile(2).json,28030646,35715.125224812145,0.0016933599999999999,85.091,36.91,50.925,53.383
485,analysis/data_extraction/input/WOFF\Firefox 2023-11-21 21.23 profile.json,29915471,34004.08308152123,0.001566564722,79.089,29.359,47.11,51.503
486,analysis/data_extraction/input/WOFF\Firefox 2023-11-21 21.24 profile(1).json,27862855,33305.887240899734,0.001670298612,85.695,40.21,45.13,58.566
487,analysis/data_extraction/input/WOFF\Firefox 2023-11-21 21.24 profile(2).json,29709775,29542.582968262675,0.0017816405559999999,89.791,32.071,44.988,57.154
488,analysis/data_extraction/input/WOFF\Firefox 2023-11-21 21.24 profile.json,28471565,36677.132589395194,0.001624514722,83.646,37.722,44.598,56.644
489,analysis/data_extraction/input/WOFF\Firefox 2023-11-21 21.25 profile(1).json,30553923,28380.988066866437,0.001721911389,89.74,33.057,54.481,59.092
490,analysis/data_extraction/input/WOFF\Firefox 2023-11-21 21.25 profile(2).json,27665274,39030.635763719045,0.0015057341669999999,77.794,25.906,37.766,49.599
491,analysis/data_extraction/input/WOFF\Firefox 2023-11-21 21.25 profile(3).json,29327142,29800.53156286054,0.001595997222,79.924,22.861,39.958,52.013
492,analysis/data_extraction/input/WOFF\Firefox 2023-11-21 21.25 profile.json,29623293,33042.06984700362,0.001584153055,81.334,22.829,44.349,48.948
493,analysis/data_extraction/input/WOFF\Firefox 2023-11-21 21.26 profile(1).json,30282505,25708.030769199224,0.001734856944,89.208,33.822,45.961,58.91
494,analysis/data_extraction/input/WOFF\Firefox 2023-11-21 21.26 profile(2).json,29463230,27068.746071152334,0.001707135833,86.735,38.459,45.075,56.737
495,analysis/data_extraction/input/WOFF\Firefox 2023-11-21 21.26 profile.json,30315042,22083.35604289953,0.001778116111,90.166,30.883,43.615,55.076
496,analysis/data_extraction/input/WOFF\Firefox 2023-11-21 21.27 profile(1).json,29902836,28170.214165224006,0.001750428889,90.579,29.564,45.697,54.19
497,analysis/data_extraction/input/WOFF\Firefox 2023-11-21 21.27 profile(2).json,29179591,31325.590999585733,0.001688615556,85.841,36.072,42.274,48.784
498,analysis/data_extraction/input/WOFF\Firefox 2023-11-21 21.27 profile.json,31528213,38845.74452982294,0.001777370556,89.865,30.316,51.584,56.131
499,analysis/data_extraction/input/WOFF\Firefox 2023-11-21 21.28 profile.json,28456396,22725.076133456267,0.001598454167,81.412,37.76,47.916,54.67
